id;email;password;login;first_name;last_name;image_url;activated;lang_key
1;Quentin.Funk29@gmail.com;that notwithstanding;"6t{3@rnboez\abq2\mNS7qBS\.vuE6VR\EhdT";Mozell;Fahey;velocity;true;yowza
2;Clara_Larson@gmail.com;ha livid;"e2W";Korey;Cruickshank;patroller sedately put;true;physically
3;Joannie.Gerhold33@yahoo.com;accidentally converse;"PmYY";Faye;Funk;oh allocation;true;furthermor
4;Reed.Aufderhar12@hotmail.com;flickering like;"@hB";Jacynthe;Doyle;however supposing an;false;boo grown 
5;Nick18@hotmail.com;declaration;"pse";Davin;Mante;seldom but;false;perfectly 
6;Jermain_Gusikowski-Stiedemann@gmail.com;uh-huh;"GIqGa";Ernesto;Marvin;with;false;forenenst
7;Dalton_Tremblay@yahoo.com;how wire;"n";Brandi;Jerde;meanwhile;true;scented
8;Luz_Wilkinson80@hotmail.com;quicker forearm;"QFwPnI";Aubree;Collins;circa;true;couch reco
9;Simone.Cartwright@gmail.com;swanling fall pfft;"J5";Ed;Labadie;collaboration patiently determined;true;flint trom
10;Elliott77@hotmail.com;luck far;"wJ@95hCS\/NJe4j6";Queen;Sipes;derby role;false;facilitate
